Category,kgCO2e_per_1000KRW
Soybean Farming,0.38000000000000006
Oilseed (except Soybean) Farming,0.38000000000000006
Dry Pea and Bean Farming,0.6057142857142858
Wheat Farming,0.6057142857142858
Corn Farming,0.6057142857142858
Rice Farming,0.6057142857142858
Oilseed and Grain Combination Farming,0.6057142857142858
All Other Grain Farming,0.6057142857142858
Potato Farming,0.45071428571428573
Other Vegetable (except Potato) and Melon Farming,0.45071428571428573
Orange Groves,0.3485714285714286
Citrus (except Orange) Groves,0.3485714285714286
Apple Orchards,0.3485714285714286
Grape Vineyards,0.3485714285714286
Strawberry Farming,0.3485714285714286
Berry (except Strawberry) Farming,0.3485714285714286
Tree Nut Farming,0.3485714285714286
Fruit and Tree Nut Combination Farming,0.3485714285714286
Other Noncitrus Fruit Farming,0.3485714285714286
Mushroom Production,0.2192857142857143
Other Food Crops Grown Under Cover,0.2192857142857143
Nursery and Tree Production,0.2192857142857143
Floriculture Production,0.2192857142857143
Tobacco Farming,0.5285714285714286
Cotton Farming,0.5285714285714286
Sugarcane Farming,0.5285714285714286
Hay Farming,0.5285714285714286
Sugar Beet Farming,0.5285714285714286
Peanut Farming,0.5285714285714286
All Other Miscellaneous Crop Farming,0.5285714285714286
Beef Cattle Ranching and Farming,2.0664285714285713
Cattle Feedlots,2.0664285714285713
Dairy Cattle and Milk Production,1.2314285714285715
Dual-Purpose Cattle Ranching and Farming,2.0664285714285713
Hog and Pig Farming,0.8057142857142857
Chicken Egg Production,0.3128571428571429
Broilers and Other Meat Type Chicken Production,0.3128571428571429
Turkey Production,0.3128571428571429
Poultry Hatcheries,0.3128571428571429
Other Poultry Production,0.3128571428571429
Sheep Farming,0.8057142857142857
Goat Farming,0.8057142857142857
Finfish Farming and Fish Hatcheries,0.8057142857142857
Shellfish Farming,0.8057142857142857
Other Aquaculture,0.8057142857142857
Apiculture,0.8057142857142857
Horses and Other Equine Production,0.8057142857142857
Fur-Bearing Animal and Rabbit Production,0.8057142857142857
All Other Animal Production,0.8057142857142857
Timber Tract Operations,0.17357142857142857
Forest Nurseries and Gathering of Forest Products,0.17357142857142857
Logging,0.17357142857142857
Finfish Fishing,0.11
Shellfish Fishing,0.11
Other Marine Fishing,0.11
Hunting and Trapping,0.11
Cotton Ginning,0.2742857142857143
"Soil Preparation, Planting, and Cultivating",0.2742857142857143
"Crop Harvesting, Primarily by Machine",0.2742857142857143
Postharvest Crop Activities (except Cotton Ginning),0.2742857142857143
Farm Labor Contractors and Crew Leaders,0.2742857142857143
Farm Management Services,0.2742857142857143
Support Activities for Animal Production,0.2742857142857143
Support Activities for Forestry,0.2742857142857143
Crude Petroleum Extraction,0.2892857142857143
Natural Gas Extraction,0.2892857142857143
Bituminous Coal and Lignite Surface Mining,0.6007142857142858
Bituminous Coal Underground Mining,0.6007142857142858
Anthracite Mining,0.6007142857142858
Iron Ore Mining,0.4235714285714286
Gold Ore Mining,0.4235714285714286
Silver Ore Mining,0.4235714285714286
"Copper, Nickel, Lead, and Zinc Mining",0.23142857142857146
Uranium-Radium-Vanadium Ore Mining,0.4235714285714286
All Other Metal Ore Mining,0.4235714285714286
Dimension Stone Mining and Quarrying,0.19928571428571432
Crushed and Broken Limestone Mining and Quarrying,0.19928571428571432
Crushed and Broken Granite Mining and Quarrying,0.19928571428571432
Other Crushed and Broken Stone Mining and Quarrying,0.19928571428571432
Construction Sand and Gravel Mining,0.22071428571428572
Industrial Sand Mining,0.22071428571428572
Kaolin and Ball Clay Mining,0.22071428571428572
Clay and Ceramic and Refractory Minerals Mining,0.22071428571428572
"Potash, Soda, and Borate Mineral Mining",0.22071428571428572
Phosphate Rock Mining,0.22071428571428572
Other Chemical and Fertilizer Mineral Mining,0.22071428571428572
All Other Nonmetallic Mineral Mining,0.22071428571428572
Drilling Oil and Gas Wells,0.2907142857142857
Support Activities for Oil and Gas Operations,0.26571428571428574
Support Activities for Coal Mining,0.26571428571428574
Support Activities for Metal Mining,0.26571428571428574
Support Activities for Nonmetallic Minerals (except Fuels) Mining,0.26571428571428574
Natural Gas Distribution,0.38000000000000006
Water Supply and Irrigation Systems,0.41285714285714287
Sewage Treatment Facilities,0.41285714285714287
Steam and Air-Conditioning Supply,0.41285714285714287
New Single-Family Housing Construction (except For-Sale Builders),0.1385714285714286
New Multifamily Housing Construction (except For-Sale Builders),0.15785714285714286
New Housing For-Sale Builders,0.1542857142857143
Residential Remodelers,0.15071428571428572
Industrial Building Construction,0.1707142857142857
Commercial and Institutional Building Construction,0.16
Water and Sewer Line and Related Structures Construction,0.1978571428571429
Oil and Gas Pipeline and Related Structures Construction,0.1978571428571429
Power and Communication Line and Related Structures Construction,0.1978571428571429
Land Subdivision,0.15785714285714286
"Highway, Street, and Bridge Construction",0.18214285714285716
Other Heavy and Civil Engineering Construction,0.1442857142857143
Poured Concrete Foundation and Structure Contractors,0.15785714285714286
Structural Steel and Precast Concrete Contractors,0.15785714285714286
Framing Contractors,0.15785714285714286
Masonry Contractors,0.15785714285714286
Glass and Glazing Contractors,0.15785714285714286
Roofing Contractors,0.15785714285714286
Siding Contractors,0.15785714285714286
"Other Foundation, Structure, and Building Exterior Contractors",0.15785714285714286
Electrical Contractors and Other Wiring Installation Contractors,0.15785714285714286
"Plumbing, Heating, and Air-Conditioning Contractors",0.15785714285714286
Other Building Equipment Contractors,0.15785714285714286
Drywall and Insulation Contractors,0.15785714285714286
Painting and Wall Covering Contractors,0.15785714285714286
Flooring Contractors,0.15785714285714286
Tile and Terrazzo Contractors,0.15785714285714286
Finish Carpentry Contractors,0.15785714285714286
Other Building Finishing Contractors,0.15785714285714286
Site Preparation Contractors,0.15785714285714286
All Other Specialty Trade Contractors,0.15785714285714286
Dog and Cat Food Manufacturing,0.23785714285714288
Other Animal Food Manufacturing,0.3278571428571429
Flour Milling,0.5492857142857144
Rice Milling,0.5492857142857144
Malt Manufacturing,0.5492857142857144
Wet Corn Milling,0.7092857142857143
Soybean and Other Oilseed Processing,0.36500000000000005
Fats and Oils Refining and Blending,0.275
Breakfast Cereal Manufacturing,0.33785714285714286
Beet Sugar Manufacturing,0.3442857142857143
Cane Sugar Manufacturing,0.3442857142857143
Nonchocolate Confectionery Manufacturing,0.3442857142857143
Chocolate and Confectionery Manufacturing from Cacao Beans,0.3442857142857143
Confectionery Manufacturing from Purchased Chocolate,0.3442857142857143
"Frozen Fruit, Juice, and Vegetable Manufacturing",0.3464285714285714
Frozen Specialty Food Manufacturing,0.3464285714285714
Fruit and Vegetable Canning,0.2721428571428572
Specialty Canning,0.2721428571428572
Dried and Dehydrated Food Manufacturing,0.2721428571428572
Fluid Milk Manufacturing,0.5735714285714286
Creamery Butter Manufacturing,0.5735714285714286
Cheese Manufacturing,0.6921428571428572
"Dry, Condensed, and Evaporated Dairy Product Manufacturing",0.45857142857142863
Ice Cream and Frozen Dessert Manufacturing,0.41428571428571426
Animal (except Poultry) Slaughtering,0.8000000000000002
Meat Processed from Carcasses,0.8000000000000002
Rendering and Meat Byproduct Processing,0.8000000000000002
Poultry Processing,0.2792857142857143
Seafood Product Preparation and Packaging,0.19000000000000003
Retail Bakeries,0.18071428571428572
Commercial Bakeries,0.18071428571428572
"Frozen Cakes, Pies, and Other Pastries Manufacturing",0.18071428571428572
Cookie and Cracker Manufacturing,0.2542857142857143
"Dry Pasta, Dough, and Flour Mixes Manufacturing from Purchased Flour",0.2542857142857143
Tortilla Manufacturing,0.2542857142857143
Roasted Nuts and Peanut Butter Manufacturing,0.26571428571428574
Other Snack Food Manufacturing,0.26571428571428574
Coffee and Tea Manufacturing,0.25214285714285717
Flavoring Syrup and Concentrate Manufacturing,0.1542857142857143
"Mayonnaise, Dressing, and Other Prepared Sauce Manufacturing",0.24571428571428572
Spice and Extract Manufacturing,0.24571428571428572
Perishable Prepared Food Manufacturing,0.2864285714285715
All Other Miscellaneous Food Manufacturing,0.2864285714285715
Soft Drink Manufacturing,0.15285714285714286
Bottled Water Manufacturing,0.15285714285714286
Ice Manufacturing,0.15285714285714286
Breweries,0.19571428571428573
Wineries,0.13
Distilleries,0.21785714285714286
Tobacco Manufacturing,0.07214285714285715
"Fiber, Yarn, and Thread Mills",0.47071428571428575
Broadwoven Fabric Mills,0.36214285714285716
Narrow Fabric Mills and Schiffli Machine Embroidery,0.36214285714285716
Nonwoven Fabric Mills,0.36214285714285716
Knit Fabric Mills,0.36214285714285716
Textile and Fabric Finishing Mills,0.28285714285714286
Fabric Coating Mills,0.28285714285714286
Carpet and Rug Mills,0.20857142857142857
Curtain and Linen Mills,0.19071428571428573
Textile Bag and Canvas Mills,0.17357142857142857
"Rope, Cordage, Twine, Tire Cord, and Tire Fabric Mills",0.17357142857142857
All Other Miscellaneous Textile Product Mills,0.17357142857142857
Hosiery and Sock Mills,0.08571428571428572
Other Apparel Knitting Mills,0.08571428571428572
Cut and Sew Apparel Contractors,0.08571428571428572
Men's and Boys' Cut and Sew Apparel Manufacturing,0.08571428571428572
"Women's, Girls', and Infants' Cut and Sew Apparel Manufacturing",0.08571428571428572
Other Cut and Sew Apparel Manufacturing,0.08571428571428572
Apparel Accessories and Other Apparel Manufacturing,0.08571428571428572
Leather and Hide Tanning and Finishing,0.20142857142857143
Footwear Manufacturing,0.20142857142857143
Women's Handbag and Purse Manufacturing,0.20142857142857143
All Other Leather Good and Allied Product Manufacturing,0.20142857142857143
Sawmills,0.18857142857142858
Wood Preservation,0.18857142857142858
Hardwood Veneer and Plywood Manufacturing,0.14857142857142858
Softwood Veneer and Plywood Manufacturing,0.14857142857142858
Engineered Wood Member (except Truss) Manufacturing,0.14857142857142858
Truss Manufacturing,0.14857142857142858
Reconstituted Wood Product Manufacturing,0.14857142857142858
Wood Window and Door Manufacturing,0.11
"Cut Stock, Resawing Lumber, and Planing",0.11
Other Millwork (including Flooring),0.11
Wood Container and Pallet Manufacturing,0.11714285714285716
Manufactured Home (Mobile Home) Manufacturing,0.11714285714285716
Prefabricated Wood Building Manufacturing,0.11714285714285716
All Other Miscellaneous Wood Product Manufacturing,0.11714285714285716
Pulp Mills,0.7157142857142857
Paper (except Newsprint) Mills,0.46357142857142863
Newsprint Mills,0.46357142857142863
Paperboard Mills,0.5921428571428572
Corrugated and Solid Fiber Box Manufacturing,0.34214285714285714
Folding Paperboard Box Manufacturing,0.34214285714285714
Other Paperboard Container Manufacturing,0.34214285714285714
Paper Bag and Coated and Treated Paper Manufacturing,0.26
Stationery Product Manufacturing,0.21142857142857144
Sanitary Paper Product Manufacturing,0.24285714285714288
All Other Converted Paper Product Manufacturing,0.24500000000000002
Commercial Printing (except Screen and Books),0.16857142857142857
Commercial Screen Printing,0.16857142857142857
Books Printing,0.16857142857142857
Support Activites for Printing,0.1692857142857143
Petroleum Refineries,0.1928571428571429
Asphalt Paving Mixture and Block Manufacturing,0.8007142857142857
Asphalt Shingle and Coating Materials Manufacturing,0.4342857142857143
Petroleum Lubricating Oil and Grease Manufacturing,0.2792857142857143
All Other Petroleum and Coal Products Manufacturing,0.2792857142857143
Petrochemical Manufacturing,0.5792857142857144
Industrial Gas Manufacturing,0.8650000000000001
Synthetic Dye and Pigment Manufacturing,0.3085714285714286
Other Basic Inorganic Chemical Manufacturing,0.7214285714285715
Ethyl Alcohol Manufacturing,0.8457142857142858
"Cyclic Crude, Intermediate, and Gum and Wood Chemical Manufacturing",0.8457142857142858
All Other Basic Organic Chemical Manufacturing,0.8457142857142858
Plastics Material and Resin Manufacturing,0.7464285714285714
Synthetic Rubber Manufacturing,0.6442857142857144
Artificial and Synthetic Fibers and Filaments Manufacturing,0.6442857142857144
Nitrogenous Fertilizer Manufacturing,0.8121428571428572
Phosphatic Fertilizer Manufacturing,0.8121428571428572
Fertilizer (Mixing Only) Manufacturing,0.8121428571428572
Pesticide and Other Agricultural Chemical Manufacturing,0.33071428571428574
Medicinal and Botanical Manufacturing,0.135
Pharmaceutical Preparation Manufacturing,0.07071428571428572
In-Vitro Diagnostic Substance Manufacturing,0.13071428571428573
Biological Product (except Diagnostic) Manufacturing,0.10714285714285715
Paint and Coating Manufacturing,0.20785714285714285
Adhesive Manufacturing,0.37928571428571434
Soap and Other Detergent Manufacturing,0.25357142857142856
Polish and Other Sanitation Good Manufacturing,0.25357142857142856
Surface Active Agent Manufacturing,0.25357142857142856
Toilet Preparation Manufacturing,0.1385714285714286
Printing Ink Manufacturing,0.27571428571428575
Explosives Manufacturing,0.35714285714285715
Custom Compounding of Purchased Resins,0.35714285714285715
"Photographic Film, Paper, Plate, and Chemical Manufacturing",0.35714285714285715
All Other Miscellaneous Chemical Product and Preparation Manufacturing,0.35714285714285715
Plastics Bag and Pouch Manufacturing,0.3885714285714286
Plastics Packaging Film and Sheet (including Laminated) Manufacturing,0.3885714285714286
Unlaminated Plastics Film and Sheet (except Packaging) Manufacturing,0.3885714285714286
Unlaminated Plastics Profile Shape Manufacturing,0.2507142857142857
Plastics Pipe and Pipe Fitting Manufacturing,0.2507142857142857
"Laminated Plastics Plate, Sheet (except Packaging), and Shape Manufacturing",0.3285714285714286
Polystyrene Foam Product Manufacturing,0.1935714285714286
Urethane and Other Foam Product (except Polystyrene) Manufacturing,0.2571428571428572
Plastics Bottle Manufacturing,0.4135714285714286
Plastics Plumbing Fixture Manufacturing,0.265
All Other Plastics Product Manufacturing,0.265
Tire Manufacturing (except Retreading),0.19714285714285718
Tire Retreading,0.19714285714285718
Rubber and Plastics Hoses and Belting Manufacturing,0.22071428571428572
Rubber Product Manufacturing for Mechanical Use,0.24500000000000002
All Other Rubber Product Manufacturing,0.24500000000000002
"Pottery, Ceramics, and Plumbing Fixture Manufacturing",0.3221428571428572
Clay Building Material and Refractories Manufacturing,0.3221428571428572
Flat Glass Manufacturing,0.42642857142857143
Other Pressed and Blown Glass and Glassware Manufacturing,0.42642857142857143
Glass Container Manufacturing,0.42642857142857143
Glass Product Manufacturing Made of Purchased Glass,0.42642857142857143
Cement Manufacturing,2.802857142857143
Ready-Mix Concrete Manufacturing,0.4328571428571429
Concrete Block and Brick Manufacturing,0.23428571428571432
Concrete Pipe Manufacturing,0.23428571428571432
Other Concrete Product Manufacturing,0.22642857142857145
Lime Manufacturing,1.1592857142857143
Gypsum Product Manufacturing,1.1592857142857143
Abrasive Product Manufacturing,0.1335714285714286
Cut Stone and Stone Product Manufacturing,0.1392857142857143
Ground or Treated Mineral and Earth Manufacturing,0.35500000000000004
Mineral Wool Manufacturing,0.28071428571428575
All Other Miscellaneous Nonmetallic Mineral Product Manufacturing,0.5621428571428572
Iron and Steel Mills and Ferroalloy Manufacturing,0.5621428571428572
Iron and Steel Pipe and Tube Manufacturing from Purchased Steel,0.2571428571428572
Rolled Steel Shape Manufacturing,0.2571428571428572
Steel Wire Drawing,0.2571428571428572
Alumina Refining and Primary Aluminum Production,0.7271428571428572
"Aluminum Sheet, Plate, and Foil Manufacturing",0.515
"Other Aluminum Rolling, Drawing, and Extruding",0.515
Nonferrous Metal (except Aluminum) Smelting and Refining,0.30214285714285716
"Copper Rolling, Drawing, Extruding, and Alloying",0.2385714285714286
"Nonferrous Metal (except Copper and Aluminum) Rolling, Drawing, and Extruding",0.3078571428571429
"Secondary Smelting, Refining, and Alloying of Nonferrous Metal (except Copper and Aluminum)",0.3078571428571429
Iron Foundries,0.26357142857142857
Steel Investment Foundries,0.26357142857142857
Steel Foundries (except Investment),0.26357142857142857
Nonferrous Metal Die-Casting Foundries,0.33
Aluminum Foundries (except Die-Casting),0.33
Other Nonferrous Metal Foundries (except Die-Casting),0.33
Iron and Steel Forging,0.35214285714285715
Nonferrous Forging,0.35214285714285715
Custom Roll Forming,0.25857142857142856
Powder Metallurgy Part Manufacturing,0.35214285714285715
"Metal Crown, Closure, and Other Metal Stamping (except Automotive)",0.22785714285714287
"Metal Kitchen Cookware, Utensil, Cutlery, and Flatware (except Precious) Manufacturing",0.1592857142857143
Saw Blade and Handtool Manufacturing,0.1592857142857143
Prefabricated Metal Building and Component Manufacturing,0.18714285714285717
Fabricated Structural Metal Manufacturing,0.18714285714285717
Plate Work Manufacturing,0.18714285714285717
Metal Window and Door Manufacturing,0.15785714285714286
Sheet Metal Work Manufacturing,0.15785714285714286
Ornamental and Architectural Metal Work Manufacturing,0.15785714285714286
Power Boiler and Heat Exchanger Manufacturing,0.1492857142857143
Metal Tank (Heavy Gauge) Manufacturing,0.19928571428571432
Metal Can Manufacturing,0.22714285714285717
Other Metal Container Manufacturing,0.22714285714285717
Hardware Manufacturing,0.13642857142857143
Spring Manufacturing,0.16642857142857145
Other Fabricated Wire Product Manufacturing,0.16642857142857145
Machine Shops,0.1985714285714286
Precision Turned Product Manufacturing,0.17714285714285716
"Bolt, Nut, Screw, Rivet, and Washer Manufacturing",0.17714285714285716
Metal Heat Treating,0.27285714285714285
"Metal Coating, Engraving (except Jewelry and Silverware), and Allied Services to Manufacturers",0.27285714285714285
"Electroplating, Plating, Polishing, Anodizing, and Coloring",0.27285714285714285
Industrial Valve Manufacturing,0.12357142857142857
Fluid Power Valve and Hose Fitting Manufacturing,0.12357142857142857
Plumbing Fixture Fitting and Trim Manufacturing,0.12214285714285716
Other Metal Valve and Pipe Fitting Manufacturing,0.12357142857142857
Ball and Roller Bearing Manufacturing,0.14500000000000002
Small Arms Ammunition Manufacturing,0.12000000000000001
Ammunition (except Small Arms) Manufacturing,0.12000000000000001
"Small Arms, Ordnance, and Ordnance Accessories Manufacturing",0.12000000000000001
Fabricated Pipe and Pipe Fitting Manufacturing,0.17
All Other Miscellaneous Fabricated Metal Product Manufacturing,0.1942857142857143
Farm Machinery and Equipment Manufacturing,0.15714285714285717
Lawn and Garden Tractor and Home Lawn and Garden Equipment Manufacturing,0.08571428571428572
Construction Machinery Manufacturing,0.16285714285714287
Mining Machinery and Equipment Manufacturing,0.15642857142857144
Oil and Gas Field Machinery and Equipment Manufacturing,0.15642857142857144
Food Product Machinery Manufacturing,0.13214285714285715
Semiconductor Machinery Manufacturing,0.10714285714285715
"Sawmill, Woodworking, and Paper Machinery Manufacturing",0.13214285714285715
Printing Machinery and Equipment Manufacturing,0.13214285714285715
Other Industrial Machinery Manufacturing,0.13214285714285715
Optical Instrument and Lens Manufacturing,0.125
Photographic and Photocopying Equipment Manufacturing,0.09642857142857145
Other Commercial and Service Industry Machinery Manufacturing,0.14642857142857144
Industrial and Commercial Fan and Blower and Air Purification Equipment Manufacturing,0.15
Heating Equipment (except Warm Air Furnaces) Manufacturing,0.12571428571428572
Air-Conditioning and Warm Air Heating Equipment and Commercial and Industrial Refrigeration Equipment Manufacturing,0.13142857142857142
Industrial Mold Manufacturing,0.18714285714285717
"Special Die and Tool, Die Set, Jig, and Fixture Manufacturing",0.15
Cutting Tool and Machine Tool Accessory Manufacturing,0.14785714285714285
Machine Tool Manufacturing,0.14214285714285715
Rolling Mill and Other Metalworking Machinery Manufacturing,0.14785714285714285
Turbine and Turbine Generator Set Units Manufacturing,0.1435714285714286
"Speed Changer, Industrial High-Speed Drive, and Gear Manufacturing",0.12785714285714286
Mechanical Power Transmission Equipment Manufacturing,0.1492857142857143
Other Engine Equipment Manufacturing,0.21214285714285713
Air and Gas Compressor Manufacturing,0.12642857142857142
"Measuring, Dispensing, and Other Pumping Equipment Manufacturing",0.1592857142857143
Elevator and Moving Stairway Manufacturing,0.18285714285714288
Conveyor and Conveying Equipment Manufacturing,0.18285714285714288
"Overhead Traveling Crane, Hoist, and Monorail System Manufacturing",0.18285714285714288
"Industrial Truck, Tractor, Trailer, and Stacker Machinery Manufacturing",0.18285714285714288
Power-Driven Handtool Manufacturing,0.09714285714285716
Welding and Soldering Equipment Manufacturing,0.17785714285714288
Packaging Machinery Manufacturing,0.09714285714285716
Industrial Process Furnace and Oven Manufacturing,0.13571428571428573
Fluid Power Cylinder and Actuator Manufacturing,0.1442857142857143
Fluid Power Pump and Motor Manufacturing,0.1442857142857143
Scale and Balance Manufacturing,0.17785714285714288
All Other Miscellaneous General Purpose Machinery Manufacturing,0.17785714285714288
Electronic Computer Manufacturing,0.04142857142857143
Computer Storage Device Manufacturing,0.05071428571428571
Computer Terminal and Other Computer Peripheral Equipment Manufacturing,0.10214285714285715
Telephone Apparatus Manufacturing,0.06857142857142857
Radio and Television Broadcasting and Wireless Communications Equipment Manufacturing,0.07928571428571429
Other Communications Equipment Manufacturing,0.05714285714285715
Audio and Video Equipment Manufacturing,0.057857142857142864
Bare Printed Circuit Board Manufacturing,0.07
Semiconductor and Related Device Manufacturing,0.15357142857142858
"Capacitor, Resistor, Coil, Transformer, and Other Inductor Manufacturing",0.07
Electronic Connector Manufacturing,0.07
Printed Circuit Assembly (Electronic Assembly) Manufacturing,0.07214285714285715
Other Electronic Component Manufacturing,0.07
Electromedical and Electrotherapeutic Apparatus Manufacturing,0.09642857142857145
"Search, Detection, Navigation, Guidance, Aeronautical, and Nautical System and Instrument Manufacturing",0.05071428571428571
"Automatic Environmental Control Manufacturing for Residential, Commercial, and Appliance Use",0.05000000000000001
"Instruments and Related Products Manufacturing for Measuring, Displaying, and Controlling Industrial Process Variables",0.045000000000000005
Totalizing Fluid Meter and Counting Device Manufacturing,0.060000000000000005
Instrument Manufacturing for Measuring and Testing Electricity and Electrical Signals,0.05642857142857143
Analytical Laboratory Instrument Manufacturing,0.07285714285714286
Irradiation Apparatus Manufacturing,0.09642857142857145
Other Measuring and Controlling Device Manufacturing,0.062142857142857146
Blank Magnetic and Optical Recording Media Manufacturing,0.045000000000000005
"Software and Other Prerecorded Compact Disc, Tape, and Record Reproducing",0.045000000000000005
Electric Lamp Bulb and Part Manufacturing,0.12357142857142857
Residential Electric Lighting Fixture Manufacturing,0.13214285714285715
"Commercial, Industrial, and Institutional Electric Lighting Fixture Manufacturing",0.13214285714285715
Other Lighting Equipment Manufacturing,0.13214285714285715
Small Electrical Appliance Manufacturing,0.11214285714285716
Major Household Appliance Manufacturing,0.12285714285714286
"Power, Distribution, and Specialty Transformer Manufacturing",0.09500000000000001
Motor and Generator Manufacturing,0.10857142857142857
Switchgear and Switchboard Apparatus Manufacturing,0.12428571428571429
Relay and Industrial Control Manufacturing,0.09857142857142859
Storage Battery Manufacturing,0.24071428571428574
Primary Battery Manufacturing,0.07357142857142857
Fiber Optic Cable Manufacturing,0.16785714285714287
Other Communication and Energy Wire Manufacturing,0.16785714285714287
Current-Carrying Wiring Device Manufacturing,0.09071428571428572
Noncurrent-Carrying Wiring Device Manufacturing,0.09071428571428572
Carbon and Graphite Product Manufacturing,0.2592857142857143
All Other Miscellaneous Electrical Equipment and Component Manufacturing,0.09142857142857144
Automobile Manufacturing,0.17142857142857143
Light Truck and Utility Vehicle Manufacturing,0.19142857142857145
Heavy Duty Truck Manufacturing,0.1942857142857143
Motor Vehicle Body Manufacturing,0.18071428571428572
Truck Trailer Manufacturing,0.14285714285714288
Motor Home Manufacturing,0.07642857142857143
Travel Trailer and Camper Manufacturing,0.1142857142857143
Motor Vehicle Gasoline Engine and Engine Parts Manufacturing,0.18500000000000003
Motor Vehicle Electrical and Electronic Equipment Manufacturing,0.15571428571428572
Motor Vehicle Steering and Suspension Components (except Spring) Manufacturing,0.1985714285714286
Motor Vehicle Brake System Manufacturing,0.1985714285714286
Motor Vehicle Transmission and Power Train Parts Manufacturing,0.18000000000000002
Motor Vehicle Seating and Interior Trim Manufacturing,0.23785714285714288
Motor Vehicle Metal Stamping,0.3592857142857143
Other Motor Vehicle Parts Manufacturing,0.1892857142857143
Aircraft Manufacturing,0.0992857142857143
Aircraft Engine and Engine Parts Manufacturing,0.11142857142857143
Other Aircraft Parts and Auxiliary Equipment Manufacturing,0.12142857142857144
Guided Missile and Space Vehicle Manufacturing,0.10142857142857142
Guided Missile and Space Vehicle Propulsion Unit and Propulsion Unit Parts Manufacturing,0.21
Other Guided Missile and Space Vehicle Parts and Auxiliary Equipment Manufacturing,0.21
Railroad Rolling Stock Manufacturing,0.31714285714285717
Ship Building and Repairing,0.14
Boat Building,0.13
"Motorcycle, Bicycle, and Parts Manufacturing",0.15857142857142859
"Military Armored Vehicle, Tank, and Tank Component Manufacturing",0.31642857142857145
All Other Transportation Equipment Manufacturing,0.1392857142857143
Wood Kitchen Cabinet and Countertop Manufacturing,0.11857142857142859
Upholstered Household Furniture Manufacturing,0.13428571428571429
Nonupholstered Wood Household Furniture Manufacturing,0.12714285714285714
Metal Household Furniture Manufacturing,0.16214285714285717
Household Furniture (except Wood and Metal) Manufacturing,0.16214285714285717
Institutional Furniture Manufacturing,0.1757142857142857
Wood Office Furniture Manufacturing,0.17142857142857143
Custom Architectural Woodwork and Millwork Manufacturing,0.17142857142857143
Office Furniture (except Wood) Manufacturing,0.17142857142857143
"Showcase, Partition, Shelving, and Locker Manufacturing",0.1757142857142857
Mattress Manufacturing,0.12357142857142857
Blind and Shade Manufacturing,0.12357142857142857
Surgical and Medical Instrument Manufacturing,0.11142857142857143
Surgical Appliance and Supplies Manufacturing,0.10000000000000002
Dental Equipment and Supplies Manufacturing,0.12428571428571429
Ophthalmic Goods Manufacturing,0.09857142857142859
Dental Laboratories,0.08357142857142859
Jewelry and Silverware Manufacturing,0.07714285714285715
Sporting and Athletic Goods Manufacturing,0.1192857142857143
"Doll, Toy, and Game Manufacturing",0.10428571428571429
Office Supplies (except Paper) Manufacturing,0.1892857142857143
Sign Manufacturing,0.17857142857142858
"Gasket, Packing, and Sealing Device Manufacturing",0.13
Musical Instrument Manufacturing,0.13
"Fastener, Button, Needle, and Pin Manufacturing",0.13
"Broom, Brush, and Mop Manufacturing",0.13
Burial Casket Manufacturing,0.13
All Other Miscellaneous Manufacturing,0.13
Automobile and Other Motor Vehicle Merchant Wholesalers,0.08214285714285716
Motor Vehicle Supplies and New Parts Merchant Wholesalers,0.08214285714285716
Tire and Tube Merchant Wholesalers,0.08214285714285716
Motor Vehicle Parts (Used) Merchant Wholesalers,0.08214285714285716
Furniture Merchant Wholesalers,0.07714285714285715
Home Furnishing Merchant Wholesalers,0.07714285714285715
"Lumber, Plywood, Millwork, and Wood Panel Merchant Wholesalers",0.07714285714285715
"Brick, Stone, and Related Construction Material Merchant Wholesalers",0.07714285714285715
"Roofing, Siding, and Insulation Material Merchant Wholesalers",0.07714285714285715
Other Construction Material Merchant Wholesalers,0.07714285714285715
Photographic Equipment and Supplies Merchant Wholesalers,0.05285714285714286
Office Equipment Merchant Wholesalers,0.05285714285714286
Computer and Computer Peripheral Equipment and Software Merchant Wholesalers,0.05285714285714286
Other Commercial Equipment Merchant Wholesalers,0.05285714285714286
"Medical, Dental, and Hospital Equipment and Supplies Merchant Wholesalers",0.05285714285714286
Ophthalmic Goods Merchant Wholesalers,0.05285714285714286
Other Professional Equipment and Supplies Merchant Wholesalers,0.05285714285714286
Metal Service Centers and Other Metal Merchant Wholesalers,0.07714285714285715
Coal and Other Mineral and Ore Merchant Wholesalers,0.07714285714285715
"Electrical Apparatus and Equipment, Wiring Supplies, and Related Equipment Merchant Wholesalers",0.059285714285714296
"Household Appliances, Electric Housewares, and Consumer Electronics Merchant Wholesalers",0.059285714285714296
Other Electronic Parts and Equipment Merchant Wholesalers,0.059285714285714296
Hardware Merchant Wholesalers,0.07714285714285715
Plumbing and Heating Equipment and Supplies (Hydronics) Merchant Wholesalers,0.07714285714285715
Warm Air Heating and Air-Conditioning Equipment and Supplies Merchant Wholesalers,0.07714285714285715
Refrigeration Equipment and Supplies Merchant Wholesalers,0.07714285714285715
Construction and Mining (except Oil Well) Machinery and Equipment Merchant Wholesalers,0.08214285714285716
Farm and Garden Machinery and Equipment Merchant Wholesalers,0.08214285714285716
Industrial Machinery and Equipment Merchant Wholesalers,0.08214285714285716
Industrial Supplies Merchant Wholesalers,0.08214285714285716
Service Establishment Equipment and Supplies Merchant Wholesalers,0.08214285714285716
Transportation Equipment and Supplies (except Motor Vehicle) Merchant Wholesalers,0.08214285714285716
Sporting and Recreational Goods and Supplies Merchant Wholesalers,0.07714285714285715
Toy and Hobby Goods and Supplies Merchant Wholesalers,0.07714285714285715
Recyclable Material Merchant Wholesalers,0.07714285714285715
"Jewelry, Watch, Precious Stone, and Precious Metal Merchant Wholesalers",0.07714285714285715
Other Miscellaneous Durable Goods Merchant Wholesalers,0.07714285714285715
Printing and Writing Paper Merchant Wholesalers,0.10285714285714286
Stationery and Office Supplies Merchant Wholesalers,0.10285714285714286
Industrial and Personal Service Paper Merchant Wholesalers,0.10285714285714286
Drugs and Druggists' Sundries Merchant Wholesalers,0.06785714285714287
"Piece Goods, Notions, and Other Dry Goods Merchant Wholesalers",0.10285714285714286
Men's and Boys' Clothing and Furnishings Merchant Wholesalers,0.10285714285714286
"Women's, Children's, and Infants' Clothing and Accessories Merchant Wholesalers",0.10285714285714286
Footwear Merchant Wholesalers,0.10285714285714286
General Line Grocery Merchant Wholesalers,0.11357142857142859
Packaged Frozen Food Merchant Wholesalers,0.11357142857142859
Dairy Product (except Dried or Canned) Merchant Wholesalers,0.11357142857142859
Poultry and Poultry Product Merchant Wholesalers,0.11357142857142859
Confectionery Merchant Wholesalers,0.11357142857142859
Fish and Seafood Merchant Wholesalers,0.11357142857142859
Meat and Meat Product Merchant Wholesalers,0.11357142857142859
Fresh Fruit and Vegetable Merchant Wholesalers,0.11357142857142859
Other Grocery and Related Products Merchant Wholesalers,0.11357142857142859
Grain and Field Bean Merchant Wholesalers,0.10285714285714286
Livestock Merchant Wholesalers,0.10285714285714286
Other Farm Product Raw Material Merchant Wholesalers,0.10285714285714286
Plastics Materials and Basic Forms and Shapes Merchant Wholesalers,0.10285714285714286
Other Chemical and Allied Products Merchant Wholesalers,0.10285714285714286
Petroleum Bulk Stations and Terminals,0.07285714285714286
Petroleum and Petroleum Products Merchant Wholesalers (except Bulk Stations and Terminals),0.07285714285714286
Beer and Ale Merchant Wholesalers,0.10285714285714286
Wine and Distilled Alcoholic Beverage Merchant Wholesalers,0.10285714285714286
Farm Supplies Merchant Wholesalers,0.10285714285714286
"Book, Periodical, and Newspaper Merchant Wholesalers",0.10285714285714286
"Flower, Nursery Stock, and Florists' Supplies Merchant Wholesalers",0.10285714285714286
Tobacco and Tobacco Product Merchant Wholesalers,0.10285714285714286
"Paint, Varnish, and Supplies Merchant Wholesalers",0.10285714285714286
Other Miscellaneous Nondurable Goods Merchant Wholesalers,0.10285714285714286
Business to Business Electronic Markets,0.06571428571428571
Wholesale Trade Agents and Brokers,0.06571428571428571
New Car Dealers,0.052142857142857144
Used Car Dealers,0.052142857142857144
Recreational Vehicle Dealers,0.052142857142857144
Boat Dealers,0.052142857142857144
"Motorcycle, ATV, and All Other Motor Vehicle Dealers",0.052142857142857144
Automotive Parts and Accessories Stores,0.052142857142857144
Tire Dealers,0.052142857142857144
Furniture Stores,0.07928571428571429
Floor Covering Stores,0.07928571428571429
Window Treatment Stores,0.07928571428571429
All Other Home Furnishings Stores,0.07928571428571429
Household Appliance Stores,0.07928571428571429
Electronics Stores,0.07928571428571429
Home Centers,0.062142857142857146
Paint and Wallpaper Stores,0.062142857142857146
Hardware Stores,0.062142857142857146
Other Building Material Dealers,0.062142857142857146
Outdoor Power Equipment Stores,0.062142857142857146
"Nursery, Garden Center, and Farm Supply Stores",0.062142857142857146
Supermarkets and Other Grocery (except Convenience) Stores,0.13285714285714287
Convenience Stores,0.13285714285714287
Meat Markets,0.13285714285714287
Fish and Seafood Markets,0.13285714285714287
Fruit and Vegetable Markets,0.13285714285714287
Baked Goods Stores,0.13285714285714287
Confectionery and Nut Stores,0.13285714285714287
All Other Specialty Food Stores,0.13285714285714287
"Beer, Wine, and Liquor Stores",0.13285714285714287
Pharmacies and Drug Stores,0.09285714285714286
"Cosmetics, Beauty Supplies, and Perfume Stores",0.09285714285714286
Optical Goods Stores,0.09285714285714286
Food (Health) Supplement Stores,0.09285714285714286
All Other Health and Personal Care Stores,0.09285714285714286
Gasoline Stations with Convenience Stores,0.13071428571428573
Other Gasoline Stations,0.13071428571428573
Men's Clothing Stores,0.09857142857142859
Women's Clothing Stores,0.09857142857142859
Children's and Infants' Clothing Stores,0.09857142857142859
Family Clothing Stores,0.09857142857142859
Clothing Accessories Stores,0.09857142857142859
Other Clothing Stores,0.09857142857142859
Shoe Stores,0.09857142857142859
Jewelry Stores,0.09857142857142859
Luggage and Leather Goods Stores,0.09857142857142859
Sporting Goods Stores,0.07928571428571429
"Hobby, Toy, and Game Stores",0.07928571428571429
"Sewing, Needlework, and Piece Goods Stores",0.07928571428571429
Musical Instrument and Supplies Stores,0.07928571428571429
Book Stores,0.07928571428571429
News Dealers and Newsstands,0.07928571428571429
Department Stores,0.11714285714285716
Warehouse Clubs and Supercenters,0.11714285714285716
All Other General Merchandise Stores,0.11714285714285716
Florists,0.07928571428571429
Office Supplies and Stationery Stores,0.07928571428571429
"Gift, Novelty, and Souvenir Stores",0.07928571428571429
Used Merchandise Stores,0.07928571428571429
Pet and Pet Supplies Stores,0.07928571428571429
Art Dealers,0.07928571428571429
Manufactured (Mobile) Home Dealers,0.07928571428571429
Tobacco Stores,0.07928571428571429
All Other Miscellaneous Store Retailers (except Tobacco Stores),0.07928571428571429
Electronic Shopping and Mail-Order Houses,0.06714285714285714
Vending Machine Operators,0.06714285714285714
Fuel Dealers,0.06714285714285714
Other Direct Selling Establishments,0.06714285714285714
Scheduled Passenger Air Transportation,0.46
Scheduled Freight Air Transportation,0.46
Nonscheduled Chartered Passenger Air Transportation,0.46
Nonscheduled Chartered Freight Air Transportation,0.46
Other Nonscheduled Air Transportation,0.46
Line-Haul Railroads,0.3328571428571429
Short Line Railroads,0.3328571428571429
Deep Sea Freight Transportation,0.5828571428571429
Deep Sea Passenger Transportation,0.5828571428571429
Coastal and Great Lakes Freight Transportation,0.5828571428571429
Coastal and Great Lakes Passenger Transportation,0.5828571428571429
Inland Water Freight Transportation,0.5828571428571429
Inland Water Passenger Transportation,0.5828571428571429
"General Freight Trucking, Local",0.425
"General Freight Trucking, Long-Distance, Truckload",0.425
"General Freight Trucking, Long-Distance, Less Than Truckload",0.425
Used Household and Office Goods Moving,0.425
"Specialized Freight (except Used Goods) Trucking, Local",0.425
"Specialized Freight (except Used Goods) Trucking, Long-Distance",0.425
Mixed Mode Transit Systems,0.40428571428571425
Commuter Rail Systems,0.40428571428571425
Bus and Other Motor Vehicle Transit Systems,0.40428571428571425
Other Urban Transit Systems,0.40428571428571425
Interurban and Rural Bus Transportation,0.40428571428571425
Taxi Service,0.40428571428571425
Limousine Service,0.40428571428571425
School and Employee Bus Transportation,0.40428571428571425
Charter Bus Industry,0.40428571428571425
Special Needs Transportation,0.40428571428571425
All Other Transit and Ground Passenger Transportation,0.40428571428571425
Pipeline Transportation of Crude Oil,1.1564285714285716
Pipeline Transportation of Natural Gas,1.1564285714285716
Pipeline Transportation of Refined Petroleum Products,1.1564285714285716
All Other Pipeline Transportation,1.1564285714285716
"Scenic and Sightseeing Transportation, Land",0.11571428571428573
"Scenic and Sightseeing Transportation, Water",0.11571428571428573
"Scenic and Sightseeing Transportation, Other",0.11571428571428573
Air Traffic Control,0.11571428571428573
Other Airport Operations,0.11571428571428573
Other Support Activities for Air Transportation,0.11571428571428573
Support Activities for Rail Transportation,0.11571428571428573
Port and Harbor Operations,0.11571428571428573
Marine Cargo Handling,0.11571428571428573
Navigational Services to Shipping,0.11571428571428573
Other Support Activities for Water Transportation,0.11571428571428573
Motor Vehicle Towing,0.11571428571428573
Other Support Activities for Road Transportation,0.11571428571428573
Freight Transportation Arrangement,0.11571428571428573
Packing and Crating,0.11571428571428573
All Other Support Activities for Transportation,0.11571428571428573
Postal Service,0.05285714285714286
Couriers and Express Delivery Services,0.21642857142857144
Local Messengers and Local Delivery,0.21642857142857144
General Warehousing and Storage,0.1742857142857143
Refrigerated Warehousing and Storage,0.1742857142857143
Farm Product Warehousing and Storage,0.1742857142857143
Other Warehousing and Storage,0.1742857142857143
Newspaper Publishers,0.05857142857142858
Periodical Publishers,0.07357142857142857
Book Publishers,0.07642857142857143
Directory and Mailing List Publishers,0.07714285714285715
Greeting Card Publishers,0.07714285714285715
All Other Publishers,0.07714285714285715
Software Publishers,0.05714285714285715
Motion Picture and Video Production,0.037142857142857144
Motion Picture and Video Distribution,0.037142857142857144
Motion Picture Theaters (except Drive-Ins),0.037142857142857144
Drive-In Motion Picture Theaters,0.037142857142857144
Teleproduction and Other Postproduction Services,0.037142857142857144
Other Motion Picture and Video Industries,0.037142857142857144
Music Publishers,0.03142857142857143
Sound Recording Studios,0.03142857142857143
Record Production and Distribution,0.03142857142857143
Other Sound Recording Industries,0.03142857142857143
Radio Networks,0.05642857142857143
Radio Stations,0.05642857142857143
Television Broadcasting,0.05642857142857143
Cable and Other Subscription Programming,0.06714285714285714
Wired Telecommunications Carriers,0.053571428571428575
Wireless Telecommunications Carriers (except Satellite),0.06857142857142857
Satellite Telecommunications,0.055714285714285716
Telecommunications Resellers,0.055714285714285716
All Other Telecommunications,0.055714285714285716
"Data Processing, Hosting, and Related Services",0.06642857142857143
News Syndicates,0.04571428571428572
Libraries and Archives,0.04571428571428572
Internet Publishing and Broadcasting and Web Search Portals,0.04785714285714286
All Other Information Services,0.04571428571428572
Monetary Authorities-Central Bank,0.04214285714285714
Commercial Banking,0.04214285714285714
Savings Institutions,0.04214285714285714
Credit Unions,0.04214285714285714
Other Depository Credit Intermediation,0.04214285714285714
Credit Card Issuing,0.05142857142857143
Sales Financing,0.05142857142857143
Consumer Lending,0.05142857142857143
Real Estate Credit,0.05142857142857143
International Trade Financing,0.05142857142857143
Secondary Market Financing,0.05142857142857143
All Other Nondepository Credit Intermediation,0.05142857142857143
Mortgage and Nonmortgage Loan Brokers,0.05142857142857143
"Financial Transactions Processing, Reserve, and Clearinghouse Activities",0.05142857142857143
Other Activities Related to Credit Intermediation,0.05142857142857143
Investment Banking and Securities Dealing,0.030714285714285715
Securities Brokerage,0.030714285714285715
Commodity Contracts Dealing,0.030714285714285715
Commodity Contracts Brokerage,0.030714285714285715
Securities and Commodity Exchanges,0.030714285714285715
Miscellaneous Intermediation,0.047142857142857146
Portfolio Management,0.047142857142857146
Investment Advice,0.047142857142857146
"Trust, Fiduciary, and Custody Activities",0.047142857142857146
Miscellaneous Financial Investment Activities,0.047142857142857146
Direct Life Insurance Carriers,0.03642857142857143
Direct Health and Medical Insurance Carriers,0.023571428571428573
Direct Property and Casualty Insurance Carriers,0.023571428571428573
Direct Title Insurance Carriers,0.023571428571428573
"Other Direct Insurance (except Life, Health, and Medical) Carriers",0.023571428571428573
Reinsurance Carriers,0.023571428571428573
Insurance Agencies and Brokerages,0.020714285714285716
Claims Adjusting,0.020714285714285716
Third Party Administration of Insurance and Pension Funds,0.020714285714285716
All Other Insurance Related Activities,0.020714285714285716
Pension Funds,0.15571428571428572
Health and Welfare Funds,0.15571428571428572
Other Insurance Funds,0.15571428571428572
Open-End Investment Funds,0.15571428571428572
"Trusts, Estates, and Agency Accounts",0.15571428571428572
Other Financial Vehicles,0.15571428571428572
Lessors of Residential Buildings and Dwellings,0.023571428571428573
Lessors of Nonresidential Buildings (excpet Miniwarehouses),0.1757142857142857
Lessors of Miniwarehouses and Self-Storage Units,0.1757142857142857
Lessors of Other Real Estate Property,0.1757142857142857
Offices of Real Estate Agents and Brokers,0.1757142857142857
Residential Property Managers,0.1757142857142857
Nonresidential Property Managers,0.1757142857142857
Offices of Real Estate Appraisers,0.1757142857142857
Other Activities Related to Real Estate,0.1757142857142857
Passenger Car Rental,0.07857142857142858
Passenger Car Leasing,0.07857142857142858
"Truck, Utility Trailer, and RV (Recreational Vehicle) Rental and Leasing",0.07857142857142858
Consumer Electronics and Appliances Rental,0.07285714285714286
Formal Wear and Costume Rental,0.07285714285714286
Video Tape and Disc Rental,0.07285714285714286
Home Health Equipment Rental,0.07285714285714286
Recreational Goods Rental,0.07285714285714286
All Other Consumer Goods Rental,0.07285714285714286
General Rental Centers,0.07285714285714286
"Commercial Air, Rail, and Water Transportation Equipment Rental and Leasing",0.07571428571428572
"Construction, Mining, and Forestry Machinery and Equipment Rental and Leasing",0.07571428571428572
Office Machinery and Equipment Rental and Leasing,0.07571428571428572
Other Commercial and Industrial Machinery and Equipment Rental and Leasing,0.07571428571428572
Lessors of Nonfinancial Intangible Assets (except Copyrighted Works),0.037142857142857144
Offices of Lawyers,0.02928571428571429
Offices of Notaries,0.02928571428571429
Title Abstract and Settlement Offices,0.02928571428571429
All Other Legal Services,0.02928571428571429
Offices of Certified Public Accountants,0.038571428571428576
Tax Preparation Services,0.038571428571428576
Payroll Services,0.038571428571428576
Other Accounting Services,0.038571428571428576
Architectural Services,0.07357142857142857
Landscape Architectural Services,0.07357142857142857
Engineering Services,0.07357142857142857
Drafting Services,0.07357142857142857
Building Inspection Services,0.07357142857142857
Geophysical Surveying and Mapping Services,0.07357142857142857
Surveying and Mapping (except Geophysical) Services,0.07357142857142857
Testing Laboratories,0.07357142857142857
Interior Design Services,0.06714285714285714
Industrial Design Services,0.06714285714285714
Graphic Design Services,0.06714285714285714
Other Specialized Design Services,0.06714285714285714
Custom Computer Programming Services,0.060000000000000005
Computer Systems Design Services,0.06357142857142857
Computer Facilities Management Services,0.05714285714285715
Other Computer Related Services,0.05714285714285715
Administrative Management and General Management Consulting Services,0.055714285714285716
Human Resources Consulting Services,0.055714285714285716
Marketing Consulting Services,0.055714285714285716
"Process, Physical Distribution, and Logistics Consulting Services",0.055714285714285716
Other Management Consulting Services,0.055714285714285716
Environmental Consulting Services,0.0642857142857143
Other Scientific and Technical Consulting Services,0.0642857142857143
Research and Development in Nanotechnology,0.11142857142857143
Research and Development in Biotechnology (except Nanobiotechnology),0.11142857142857143
"Research and Development in the Physical, Engineering, and Life Sciences (except Nanotechnology and Biotechnology)",0.11142857142857143
Research and Development in the Social Sciences and Humanities,0.11142857142857143
Advertising Agencies,0.06071428571428572
Public Relations Agencies,0.06071428571428572
Media Buying Agencies,0.06071428571428572
Media Representatives,0.06071428571428572
Outdoor Advertising,0.06071428571428572
Direct Mail Advertising,0.06071428571428572
Advertising Material Distribution Services,0.06071428571428572
Other Services Related to Advertising,0.06071428571428572
Marketing Research and Public Opinion Polling,0.05714285714285715
"Photography Studios, Portrait",0.08928571428571429
Commercial Photography,0.08928571428571429
Translation and Interpretation Services,0.05714285714285715
Veterinary Services,0.09071428571428572
"All Other Professional, Scientific, and Technical Services",0.05714285714285715
Offices of Bank Holding Companies,0.060000000000000005
Offices of Other Holding Companies,0.060000000000000005
"Corporate, Subsidiary, and Regional Managing Offices",0.060000000000000005
Office Administrative Services,0.07142857142857144
Facilities Support Services,0.14214285714285715
Employment Placement Agencies,0.03642857142857143
Executive Search Services,0.03642857142857143
Temporary Help Services,0.03642857142857143
Professional Employer Organizations,0.03642857142857143
Document Preparation Services,0.07928571428571429
Telephone Answering Services,0.07928571428571429
Telemarketing Bureaus and Other Contact Centers,0.07928571428571429
Private Mail Centers,0.07928571428571429
Other Business Service Centers (including Copy Shops),0.07928571428571429
Collection Agencies,0.07928571428571429
Credit Bureaus,0.07928571428571429
Repossession Services,0.07928571428571429
Court Reporting and Stenotype Services,0.07928571428571429
All Other Business Support Services,0.07928571428571429
Travel Agencies,0.06285714285714286
Tour Operators,0.06285714285714286
Convention and Visitors Bureaus,0.06285714285714286
All Other Travel Arrangement and Reservation Services,0.06285714285714286
Investigation Services,0.05285714285714286
Security Guards and Patrol Services,0.05285714285714286
Armored Car Services,0.05285714285714286
Security Systems Services (except Locksmiths),0.05285714285714286
Locksmiths,0.05285714285714286
Exterminating and Pest Control Services,0.15285714285714286
Janitorial Services,0.15285714285714286
Landscaping Services,0.15285714285714286
Carpet and Upholstery Cleaning Services,0.15285714285714286
Other Services to Buildings and Dwellings,0.15285714285714286
Packaging and Labeling Services,0.09071428571428572
Convention and Trade Show Organizers,0.09071428571428572
All Other Support Services,0.09071428571428572
Solid Waste Collection,0.7057142857142857
Hazardous Waste Collection,0.7057142857142857
Other Waste Collection,0.7057142857142857
Hazardous Waste Treatment and Disposal,0.7057142857142857
Solid Waste Landfill,0.7057142857142857
Solid Waste Combustors and Incinerators,0.7057142857142857
Other Nonhazardous Waste Treatment and Disposal,0.7057142857142857
Remediation Services,0.7057142857142857
Materials Recovery Facilities,0.7057142857142857
Septic Tank and Related Services,0.7057142857142857
All Other Miscellaneous Waste Management Services,0.7057142857142857
Elementary and Secondary Schools,0.13285714285714287
Junior Colleges,0.10000000000000002
"Colleges, Universities, and Professional Schools",0.10000000000000002
Business and Secretarial Schools,0.07714285714285715
Computer Training,0.07714285714285715
Professional and Management Development Training,0.07714285714285715
Cosmetology and Barber Schools,0.07714285714285715
Flight Training,0.07714285714285715
Apprenticeship Training,0.07714285714285715
Other Technical and Trade Schools,0.07714285714285715
Fine Arts Schools,0.07714285714285715
Sports and Recreation Instruction,0.07714285714285715
Language Schools,0.07714285714285715
Exam Preparation and Tutoring,0.07714285714285715
Automobile Driving Schools,0.07714285714285715
All Other Miscellaneous Schools and Instruction,0.07714285714285715
Educational Support Services,0.07714285714285715
Offices of Physicians (except Mental Health Specialists),0.059285714285714296
"Offices of Physicians, Mental Health Specialists",0.059285714285714296
Offices of Dentists,0.04
Offices of Chiropractors,0.075
Offices of Optometrists,0.075
Offices of Mental Health Practitioners (except Physicians),0.075
"Offices of Physical, Occupational and Speech Therapists, and Audiologists",0.075
Offices of Podiatrists,0.075
Offices of All Other Miscellaneous Health Practitioners,0.075
Family Planning Centers,0.06857142857142857
Outpatient Mental Health and Substance Abuse Centers,0.06857142857142857
HMO Medical Centers,0.06857142857142857
Kidney Dialysis Centers,0.06857142857142857
Freestanding Ambulatory Surgical and Emergency Centers,0.06857142857142857
All Other Outpatient Care Centers,0.06857142857142857
Medical Laboratories,0.06571428571428571
Diagnostic Imaging Centers,0.06571428571428571
Home Health Care Services,0.07428571428571429
Ambulance Services,0.1285714285714286
Blood and Organ Banks,0.1285714285714286
All Other Miscellaneous Ambulatory Health Care Services,0.1285714285714286
General Medical and Surgical Hospitals,0.10357142857142856
Psychiatric and Substance Abuse Hospitals,0.10357142857142856
Specialty (except Psychiatric and Substance Abuse) Hospitals,0.10357142857142856
Nursing Care Facilities (Skilled Nursing Facilities),0.11357142857142859
Residential Intellectual and Developmental Disability Facilities,0.09214285714285715
Residential Mental Health and Substance Abuse Facilities,0.09214285714285715
Continuing Care Retirement Communities,0.11357142857142859
Assisted Living Facilities for the Elderly,0.11357142857142859
Other Residential Care Facilities,0.09214285714285715
Child and Youth Services,0.08428571428571428
Services for the Elderly and Persons with Disabilities,0.08428571428571428
Other Individual and Family Services,0.08428571428571428
Community Food Services,0.155
Temporary Shelters,0.155
Other Community Housing Services,0.155
Emergency and Other Relief Services,0.155
Vocational Rehabilitation Services,0.155
Child Day Care Services,0.15357142857142858
Theater Companies and Dinner Theaters,0.06142857142857143
Dance Companies,0.06142857142857143
Musical Groups and Artists,0.06142857142857143
Other Performing Arts Companies,0.06142857142857143
Sports Teams and Clubs,0.04785714285714286
Racetracks,0.04785714285714286
Other Spectator Sports,0.04785714285714286
"Promoters of Performing Arts, Sports, and Similar Events with Facilities",0.06642857142857143
"Promoters of Performing Arts, Sports, and Similar Events without Facilities",0.06642857142857143
"Agents and Managers for Artists, Athletes, Entertainers, and Other Public Figures",0.06642857142857143
"Independent Artists, Writers, and Performers",0.023571428571428573
Museums,0.09714285714285716
Historical Sites,0.09714285714285716
Zoos and Botanical Gardens,0.09714285714285716
Nature Parks and Other Similar Institutions,0.09714285714285716
Amusement and Theme Parks,0.1192857142857143
Amusement Arcades,0.1192857142857143
Casinos (except Casino Hotels),0.12428571428571429
Other Gambling Industries,0.12428571428571429
Golf Courses and Country Clubs,0.16785714285714287
Skiing Facilities,0.16785714285714287
Marinas,0.16785714285714287
Fitness and Recreational Sports Centers,0.16785714285714287
Bowling Centers,0.16785714285714287
All Other Amusement and Recreation Industries,0.16785714285714287
Hotels (except Casino Hotels) and Motels,0.10357142857142856
Casino Hotels,0.10357142857142856
Bed-and-Breakfast Inns,0.10357142857142856
All Other Traveler Accommodation,0.10357142857142856
RV (Recreational Vehicle) Parks and Campgrounds,0.10357142857142856
Recreational and Vacation Camps (except Campgrounds),0.10357142857142856
"Rooming and Boarding Houses, Dormitories, and Workers' Camps",0.10357142857142856
Food Service Contractors,0.09428571428571429
Caterers,0.09428571428571429
Mobile Food Services,0.09428571428571429
Drinking Places (Alcoholic Beverages),0.09428571428571429
Full-Service Restaurants,0.1385714285714286
Limited-Service Restaurants,0.18214285714285716
"Cafeterias, Grill Buffets, and Buffets",0.09428571428571429
Snack and Nonalcoholic Beverage Bars,0.09428571428571429
General Automotive Repair,0.07357142857142857
Automotive Exhaust System Repair,0.07357142857142857
Automotive Transmission Repair,0.07357142857142857
Other Automotive Mechanical and Electrical Repair and Maintenance,0.07357142857142857
"Automotive Body, Paint, and Interior Repair and Maintenance",0.07357142857142857
Automotive Glass Replacement Shops,0.07357142857142857
Automotive Oil Change and Lubrication Shops,0.07357142857142857
Car Washes,0.07357142857142857
All Other Automotive Repair and Maintenance,0.07357142857142857
Consumer Electronics Repair and Maintenance,0.054285714285714284
Computer and Office Machine Repair and Maintenance,0.054285714285714284
Communication Equipment Repair and Maintenance,0.054285714285714284
Other Electronic and Precision Equipment Repair and Maintenance,0.054285714285714284
Commercial and Industrial Machinery and Equipment (except Automotive and Electronic) Repair and Maintenance,0.09714285714285716
Home and Garden Equipment Repair and Maintenance,0.08071428571428572
Appliance Repair and Maintenance,0.08071428571428572
Reupholstery and Furniture Repair,0.08071428571428572
Footwear and Leather Goods Repair,0.08071428571428572
Other Personal and Household Goods Repair and Maintenance,0.08071428571428572
Barber Shops,0.08928571428571429
Beauty Salons,0.08928571428571429
Nail Salons,0.08928571428571429
Diet and Weight Reducing Centers,0.08928571428571429
Other Personal Care Services,0.08928571428571429
Funeral Homes and Funeral Services,0.03357142857142857
Cemeteries and Crematories,0.03357142857142857
Coin-Operated Laundries and Drycleaners,0.11285714285714286
Drycleaning and Laundry Services (except Coin-Operated),0.11285714285714286
Linen Supply,0.11285714285714286
Industrial Launderers,0.11285714285714286
Pet Care (except Veterinary) Services,0.07928571428571429
Photofinishing Laboratories (except One-Hour),0.07928571428571429
One-Hour Photofinishing,0.07928571428571429
Parking Lots and Garages,0.07928571428571429
All Other Personal Services,0.07928571428571429
Religious Organizations,0.054285714285714284
Grantmaking Foundations,0.04214285714285714
Voluntary Health Organizations,0.04214285714285714
Other Grantmaking and Giving Services,0.04214285714285714
Human Rights Organizations,0.04214285714285714
"Environment, Conservation and Wildlife Organizations",0.04214285714285714
Other Social Advocacy Organizations,0.04214285714285714
Civic and Social Organizations,0.09142857142857144
Business Associations,0.09142857142857144
Professional Organizations,0.09142857142857144
Labor Unions and Similar Labor Organizations,0.09142857142857144
Political Organizations,0.09142857142857144
"Other Similar Organizations (except Business, Professional, Labor, and Political Organizations)",0.09142857142857144
